{"init_params": {"cat_dims": [], "cat_emb_dim": [], "cat_idxs": [], "clip_value": 1, "device_name": "auto", "epsilon": 1e-15, "gamma": 1.362083438846398, "grouped_features": [], "input_dim": 10, "lambda_sparse": 0.0010529203609971364, "mask_type": "sparsemax", "momentum": 0.02, "n_a": 75, "n_d": 61, "n_indep_decoder": 1, "n_independent": 2, "n_shared": 2, "n_shared_decoder": 1, "n_steps": 3, "optimizer_params": {"lr": 0.004104529691498994}, "output_dim": 3, "scheduler_fn": null, "scheduler_params": {}, "seed": 42, "verbose": 1}, "class_attrs": {"preds_mapper": {"0": 0, "1": 1, "2": 2}}}